{"accuracy": 0.7416498993963783, "f1-score": 0.6766120473703551}